{
	"schemaVersion": 1,
	"id": "censorit",
	"version": "${version}",
	"name": "CensorIt",
	"description": "This is an example description! Tell everyone what your mod is about!",
	"authors": [
		"BloodRed"
	],
	"license": "ARR",
	"icon": "assets/censorit/icon.png",
	"environment": "server",
	"entrypoints": {
		"main": [
			"top.blackmare.bloodred.CensorIt"
		]
	},
	"mixins": [
		"censorit.mixins.json"
	],
	"depends": {
		"fabricloader": ">=0.17.2",
		"minecraft": "~1.21.10-rc.1",
		"java": ">=21",
		"fabric-api": "*"
	},
	"suggests": {
		"another-mod": "*"
	}
}